ensembl_id,gene_symbol,peptide_id,peptide_id_version,species
ENSMFAG00000000025,SKA1,ENSMFAP00000001908,ENSMFAP00000001908.2,macaque
ENSMFAG00000000025,SKA1,ENSMFAP00000001910,ENSMFAP00000001910.2,macaque
ENSMFAG00000000028,SLITRK1,ENSMFAP00000001868,ENSMFAP00000001868.2,macaque
ENSMFAG00000000029,PNMA2,ENSMFAP00000001844,ENSMFAP00000001844.1,macaque
ENSMFAG00000000034,NA,ENSMFAP00000001715,ENSMFAP00000001715.2,macaque
ENSMFAG00000000036,SLC5A5,ENSMFAP00000056247,ENSMFAP00000056247.1,macaque
ENSMFAG00000000036,SLC5A5,ENSMFAP00000001661,ENSMFAP00000001661.2,macaque
ENSMFAG00000000036,SLC5A5,ENSMFAP00000057480,ENSMFAP00000057480.1,macaque
ENSMFAG00000000037,GRB2,ENSMFAP00000001623,ENSMFAP00000001623.1,macaque
ENSMFAG00000000037,GRB2,ENSMFAP00000001624,ENSMFAP00000001624.1,macaque
ENSMFAG00000000037,GRB2,ENSMFAP00000063617,ENSMFAP00000063617.1,macaque
ENSMFAG00000000037,GRB2,ENSMFAP00000048097,ENSMFAP00000048097.1,macaque
ENSMFAG00000000037,GRB2,ENSMFAP00000001625,ENSMFAP00000001625.1,macaque
ENSMFAG00000000038,EEA1,ENSMFAP00000001591,ENSMFAP00000001591.2,macaque
ENSMFAG00000000038,EEA1,ENSMFAP00000001592,ENSMFAP00000001592.2,macaque
ENSMFAG00000000039,ID2,ENSMFAP00000001586,ENSMFAP00000001586.2,macaque
ENSMFAG00000000040,ADAMTS13,ENSMFAP00000001559,ENSMFAP00000001559.2,macaque
ENSMFAG00000000041,HS3ST2,ENSMFAP00000001518,ENSMFAP00000001518.1,macaque
ENSMFAG00000000042,KRR1,ENSMFAP00000001463,ENSMFAP00000001463.2,macaque
ENSMFAG00000000042,KRR1,ENSMFAP00000001462,ENSMFAP00000001462.2,macaque
ENSMFAG00000000042,KRR1,ENSMFAP00000053883,ENSMFAP00000053883.1,macaque
ENSMFAG00000000043,MCCC1,ENSMFAP00000024694,ENSMFAP00000024694.2,macaque
ENSMFAG00000000043,MCCC1,ENSMFAP00000001466,ENSMFAP00000001466.2,macaque
ENSMFAG00000000043,MCCC1,ENSMFAP00000001467,ENSMFAP00000001467.2,macaque
ENSMFAG00000000043,MCCC1,ENSMFAP00000001468,ENSMFAP00000001468.2,macaque
ENSMFAG00000000043,MCCC1,ENSMFAP00000001465,ENSMFAP00000001465.2,macaque
ENSMFAG00000000044,NA,ENSMFAP00000001416,ENSMFAP00000001416.2,macaque
ENSMFAG00000000044,NA,ENSMFAP00000001418,ENSMFAP00000001418.2,macaque
ENSMFAG00000000045,NA,ENSMFAP00000001394,ENSMFAP00000001394.2,macaque
ENSMFAG00000000046,NA,ENSMFAP00000001393,ENSMFAP00000001393.1,macaque
ENSMFAG00000000048,MGAM,ENSMFAP00000001345,ENSMFAP00000001345.2,macaque
ENSMFAG00000000048,MGAM,ENSMFAP00000001348,ENSMFAP00000001348.2,macaque
ENSMFAG00000000049,C1orf185,ENSMFAP00000055252,ENSMFAP00000055252.1,macaque
ENSMFAG00000000049,C1orf185,ENSMFAP00000001297,ENSMFAP00000001297.2,macaque
ENSMFAG00000000049,C1orf185,ENSMFAP00000001299,ENSMFAP00000001299.2,macaque
ENSMFAG00000000050,NA,ENSMFAP00000001290,ENSMFAP00000001290.2,macaque
ENSMFAG00000000052,NA,ENSMFAP00000063495,ENSMFAP00000063495.1,macaque
ENSMFAG00000000053,NAPA,ENSMFAP00000001112,ENSMFAP00000001112.1,macaque
ENSMFAG00000000053,NAPA,ENSMFAP00000064162,ENSMFAP00000064162.1,macaque
ENSMFAG00000000053,NAPA,ENSMFAP00000001113,ENSMFAP00000001113.2,macaque
ENSMFAG00000000053,NAPA,ENSMFAP00000056391,ENSMFAP00000056391.1,macaque
ENSMFAG00000000055,AXIN2,ENSMFAP00000001092,ENSMFAP00000001092.2,macaque
ENSMFAG00000000055,AXIN2,ENSMFAP00000001085,ENSMFAP00000001085.1,macaque
ENSMFAG00000000055,AXIN2,ENSMFAP00000047310,ENSMFAP00000047310.1,macaque
ENSMFAG00000000055,AXIN2,ENSMFAP00000046156,ENSMFAP00000046156.1,macaque
ENSMFAG00000000055,AXIN2,ENSMFAP00000001087,ENSMFAP00000001087.2,macaque
ENSMFAG00000000058,IL23A,ENSMFAP00000001019,ENSMFAP00000001019.1,macaque
ENSMFAG00000000059,GEMIN8,ENSMFAP00000001021,ENSMFAP00000001021.1,macaque
ENSMFAG00000000061,ZNF527,ENSMFAP00000007544,ENSMFAP00000007544.2,macaque
ENSMFAG00000000061,ZNF527,ENSMFAP00000000929,ENSMFAP00000000929.2,macaque
ENSMFAG00000000062,TBC1D9B,ENSMFAP00000000982,ENSMFAP00000000982.2,macaque
ENSMFAG00000000062,TBC1D9B,ENSMFAP00000000992,ENSMFAP00000000992.2,macaque
ENSMFAG00000000062,TBC1D9B,ENSMFAP00000000991,ENSMFAP00000000991.2,macaque
ENSMFAG00000000062,TBC1D9B,ENSMFAP00000000978,ENSMFAP00000000978.2,macaque
ENSMFAG00000000062,TBC1D9B,ENSMFAP00000058114,ENSMFAP00000058114.1,macaque
ENSMFAG00000000062,TBC1D9B,ENSMFAP00000050289,ENSMFAP00000050289.1,macaque
ENSMFAG00000000063,RNASEH1,ENSMFAP00000000890,ENSMFAP00000000890.2,macaque
ENSMFAG00000000063,RNASEH1,ENSMFAP00000053888,ENSMFAP00000053888.1,macaque
ENSMFAG00000000064,MCMBP,ENSMFAP00000000831,ENSMFAP00000000831.1,macaque
ENSMFAG00000000065,SLC38A5,ENSMFAP00000061666,ENSMFAP00000061666.1,macaque
ENSMFAG00000000065,SLC38A5,ENSMFAP00000047103,ENSMFAP00000047103.1,macaque
ENSMFAG00000000065,SLC38A5,ENSMFAP00000054141,ENSMFAP00000054141.1,macaque
ENSMFAG00000000065,SLC38A5,ENSMFAP00000000828,ENSMFAP00000000828.2,macaque
ENSMFAG00000000065,SLC38A5,ENSMFAP00000000827,ENSMFAP00000000827.2,macaque
ENSMFAG00000000065,SLC38A5,ENSMFAP00000057869,ENSMFAP00000057869.1,macaque
ENSMFAG00000000066,GPBP1,ENSMFAP00000000788,ENSMFAP00000000788.2,macaque
ENSMFAG00000000066,GPBP1,ENSMFAP00000000784,ENSMFAP00000000784.2,macaque
ENSMFAG00000000066,GPBP1,ENSMFAP00000000786,ENSMFAP00000000786.2,macaque
ENSMFAG00000000067,TDP1,ENSMFAP00000000794,ENSMFAP00000000794.2,macaque
ENSMFAG00000000067,TDP1,ENSMFAP00000000787,ENSMFAP00000000787.2,macaque
ENSMFAG00000000067,TDP1,ENSMFAP00000000793,ENSMFAP00000000793.2,macaque
ENSMFAG00000000068,IL22RA1,ENSMFAP00000000695,ENSMFAP00000000695.2,macaque
ENSMFAG00000000070,POMGNT1,ENSMFAP00000000634,ENSMFAP00000000634.2,macaque
ENSMFAG00000000070,POMGNT1,ENSMFAP00000063753,ENSMFAP00000063753.1,macaque
ENSMFAG00000000070,POMGNT1,ENSMFAP00000000646,ENSMFAP00000000646.2,macaque
ENSMFAG00000000070,POMGNT1,ENSMFAP00000000640,ENSMFAP00000000640.2,macaque
ENSMFAG00000000070,POMGNT1,ENSMFAP00000000630,ENSMFAP00000000630.2,macaque
ENSMFAG00000000070,POMGNT1,ENSMFAP00000000644,ENSMFAP00000000644.1,macaque
ENSMFAG00000000070,POMGNT1,ENSMFAP00000054163,ENSMFAP00000054163.1,macaque
ENSMFAG00000000070,POMGNT1,ENSMFAP00000052660,ENSMFAP00000052660.1,macaque
ENSMFAG00000000070,POMGNT1,ENSMFAP00000049735,ENSMFAP00000049735.1,macaque
ENSMFAG00000000071,NA,ENSMFAP00000000625,ENSMFAP00000000625.1,macaque
ENSMFAG00000000072,EDA2R,ENSMFAP00000000610,ENSMFAP00000000610.1,macaque
ENSMFAG00000000072,EDA2R,ENSMFAP00000000612,ENSMFAP00000000612.2,macaque
ENSMFAG00000000073,GNS,ENSMFAP00000000642,ENSMFAP00000000642.2,macaque
ENSMFAG00000000074,FYN,ENSMFAP00000000554,ENSMFAP00000000554.1,macaque
ENSMFAG00000000074,FYN,ENSMFAP00000000572,ENSMFAP00000000572.1,macaque
ENSMFAG00000000074,FYN,ENSMFAP00000000584,ENSMFAP00000000584.2,macaque
ENSMFAG00000000075,RNF25,ENSMFAP00000000495,ENSMFAP00000000495.2,macaque
ENSMFAG00000000076,CD247,ENSMFAP00000000466,ENSMFAP00000000466.2,macaque
ENSMFAG00000000077,TBC1D15,ENSMFAP00000000484,ENSMFAP00000000484.1,macaque
ENSMFAG00000000077,TBC1D15,ENSMFAP00000000482,ENSMFAP00000000482.1,macaque
ENSMFAG00000000077,TBC1D15,ENSMFAP00000000487,ENSMFAP00000000487.2,macaque
ENSMFAG00000000077,TBC1D15,ENSMFAP00000000490,ENSMFAP00000000490.2,macaque
ENSMFAG00000000078,USP15,ENSMFAP00000000413,ENSMFAP00000000413.1,macaque
ENSMFAG00000000078,USP15,ENSMFAP00000000393,ENSMFAP00000000393.1,macaque
ENSMFAG00000000078,USP15,ENSMFAP00000063891,ENSMFAP00000063891.1,macaque
ENSMFAG00000000078,USP15,ENSMFAP00000000388,ENSMFAP00000000388.2,macaque
ENSMFAG00000000078,USP15,ENSMFAP00000000401,ENSMFAP00000000401.2,macaque
ENSMFAG00000000078,USP15,ENSMFAP00000000415,ENSMFAP00000000415.2,macaque
